estimator,min_score,mean_score,max_score,std_score,C,criterion,n_estimators,activation,hidden_layer_sizes
DecisionTree,0.502903600464576,0.7090592334494772,0.7909407665505227,0.08646647224357192,,gini,,,
DecisionTree,0.502903600464576,0.7090592334494772,0.7909407665505227,0.08646647224357192,,entropy,,,
RandomForest,0.502903600464576,0.7090592334494772,0.7909407665505227,0.08646647224357192,,,10,,
RandomForest,0.502903600464576,0.7090592334494772,0.7909407665505227,0.08646647224357192,,,100,,
SupportVectorMachine,0.502903600464576,0.7090592334494772,0.7909407665505227,0.08646647224357192,100,,,,
SupportVectorMachine,0.4924506387921022,0.7080139372822299,0.7909407665505227,0.08897905374286076,0.1,,,,
MultilayerPerceptron,0.502903600464576,0.7075493612078977,0.7909407665505227,0.08744156039980563,,,,relu,"(17, 8, 17)"
MultilayerPerceptron,0.4924506387921022,0.7061556329849014,0.7909407665505227,0.08973506653716777,,,,tanh,"(17, 8, 17)"
LogisticRegression,0.5040650406504065,0.7018583042973287,0.7828106852497096,0.08312545143520254,1.0,,,,
LogisticRegression,0.5040650406504065,0.7018583042973287,0.7828106852497096,0.08312545143520254,10000.0,,,,
BernoulliNaiveBayes,0.5005807200929152,0.6909407665505227,0.7642276422764228,0.07836313622558981,,,,,
LinearDiscriminantAnalysis,0.5005807200929152,0.6904761904761905,0.7642276422764228,0.07798835183493605,,,,,
LogisticRegression,0.5110336817653891,0.6184668989547039,0.6643437862950058,0.04763391739732992,0.0001,,,,
K-NearestNeighbor,0.49825783972125437,0.5192799070847851,0.5958188153310104,0.037485740644386215,,,,,
QuadraticDiscriminantAnalysis,0.4994192799070848,0.5,0.5005807200929152,0.0005807200929152101,,,,,
