estimator,min_score,mean_score,max_score,std_score,C,criterion,n_estimators,activation,hidden_layer_sizes
SupportVectorMachine,0.5087108013937283,0.71068524970964,0.8002322880371661,0.08637156749565453,0.1,,,,
MultilayerPerceptron,0.5087108013937283,0.71068524970964,0.8002322880371661,0.08637156749565453,,,,relu,"(17, 8, 17)"
MultilayerPerceptron,0.5087108013937283,0.7101045296167248,0.794425087108014,0.08590135986220146,,,,tanh,"(17, 8, 17)"
DecisionTree,0.5087108013937283,0.7077816492450639,0.8002322880371661,0.08830795663727481,,gini,,,
DecisionTree,0.5087108013937283,0.7077816492450639,0.8002322880371661,0.08830795663727481,,entropy,,,
RandomForest,0.5087108013937283,0.7077816492450639,0.8002322880371661,0.08830795663727481,,,10,,
RandomForest,0.5087108013937283,0.7077816492450639,0.8002322880371661,0.08830795663727481,,,100,,
SupportVectorMachine,0.5087108013937283,0.7077816492450639,0.8002322880371661,0.08830795663727481,100,,,,
LogisticRegression,0.5075493612078978,0.7042973286875727,0.7909407665505227,0.08399260476726801,10000.0,,,,
LogisticRegression,0.5075493612078978,0.7041811846689896,0.7909407665505227,0.08389755453104247,1.0,,,,
BernoulliNaiveBayes,0.5040650406504065,0.6930313588850174,0.7711962833914053,0.07904118871463575,,,,,
LinearDiscriminantAnalysis,0.5040650406504065,0.6917537746806038,0.7711962833914053,0.07805914980064713,,,,,
LogisticRegression,0.4994192799070848,0.6183507549361209,0.6922183507549361,0.05718533307018436,0.0001,,,,
K-NearestNeighbor,0.49709639953542395,0.5088269454123112,0.5911730545876888,0.027496713133867465,,,,,
QuadraticDiscriminantAnalysis,0.4994192799070848,0.5,0.5005807200929152,0.0005807200929152101,,,,,
