estimator,min_score,mean_score,max_score,std_score,C,criterion,n_estimators,activation,hidden_layer_sizes
BernoulliNaiveBayes,0.4483870967741935,0.5380468831034125,0.6012861736334405,0.04675382256128872,,,,,
DecisionTree,0.4483870967741935,0.5380468831034125,0.6012861736334405,0.04675382256128872,,gini,,,
DecisionTree,0.4483870967741935,0.5380468831034125,0.6012861736334405,0.04675382256128872,,entropy,,,
RandomForest,0.4483870967741935,0.5380468831034125,0.6012861736334405,0.04675382256128872,,,100,,
SupportVectorMachine,0.4483870967741935,0.5380468831034125,0.6012861736334405,0.04675382256128872,100,,,,
SupportVectorMachine,0.44516129032258067,0.53740172181309,0.6012861736334405,0.0472715183106428,0.1,,,,
LogisticRegression,0.4483870967741935,0.5367565605227674,0.6012861736334405,0.0466508419905581,0.0001,,,,
RandomForest,0.4483870967741935,0.5367565605227674,0.6012861736334405,0.04631504697868951,,,10,,
LinearDiscriminantAnalysis,0.4483870967741935,0.5361145109428482,0.5916398713826366,0.04475093714163161,,,,,
LogisticRegression,0.4483870967741935,0.5361145109428482,0.5916398713826366,0.04475093714163161,10000.0,,,,
