estimator,min_score,mean_score,max_score,std_score,C,criterion,n_estimators,activation,hidden_layer_sizes
LinearDiscriminantAnalysis,0.5431754874651811,0.5581143608789848,0.5777777777777777,0.012090278075493881,,,,,
LogisticRegression,0.5431754874651811,0.5581143608789848,0.5777777777777777,0.012090278075493881,1.0,,,,
LogisticRegression,0.5431754874651811,0.5581143608789848,0.5777777777777777,0.012090278075493881,10000.0,,,,
DecisionTree,0.5431754874651811,0.5581143608789848,0.5777777777777777,0.012090278075493881,,gini,,,
DecisionTree,0.5431754874651811,0.5581143608789848,0.5777777777777777,0.012090278075493881,,entropy,,,
RandomForest,0.5431754874651811,0.5581143608789848,0.5777777777777777,0.012090278075493881,,,10,,
RandomForest,0.5431754874651811,0.5581143608789848,0.5777777777777777,0.012090278075493881,,,100,,
SupportVectorMachine,0.5431754874651811,0.5581143608789848,0.5777777777777777,0.012090278075493881,0.1,,,,
SupportVectorMachine,0.5431754874651811,0.5581143608789848,0.5777777777777777,0.012090278075493881,100,,,,
MultilayerPerceptron,0.5431754874651811,0.5581143608789848,0.5777777777777777,0.012090278075493881,,,,tanh,"(17, 8, 17)"
MultilayerPerceptron,0.5431754874651811,0.5581143608789848,0.5777777777777777,0.012090278075493881,,,,relu,"(17, 8, 17)"
LogisticRegression,0.46518105849582175,0.5316875580315691,0.5682451253481894,0.030918085553541086,0.0001,,,,
BernoulliNaiveBayes,0.46518105849582175,0.5316875580315691,0.5682451253481894,0.030918085553541086,,,,,
K-NearestNeighbor,0.48333333333333334,0.5314445991952955,0.5710306406685237,0.028359057099147714,,,,,
QuadraticDiscriminantAnalysis,0.4986072423398329,0.5,0.5013927576601671,0.0008808572869549669,,,,,
