estimator,min_score,mean_score,max_score,std_score,C,criterion,n_estimators,activation,hidden_layer_sizes
LinearDiscriminantAnalysis,0.5704800817160368,0.6085865972560055,0.6503318019397651,0.0267614092936599,,,,,
LogisticRegression,0.5704800817160368,0.6085865972560055,0.6503318019397651,0.0267614092936599,0.0001,,,,
LogisticRegression,0.5704800817160368,0.6085865972560055,0.6503318019397651,0.0267614092936599,1.0,,,,
LogisticRegression,0.5704800817160368,0.6085865972560055,0.6503318019397651,0.0267614092936599,10000.0,,,,
BernoulliNaiveBayes,0.5704800817160368,0.6085865972560055,0.6503318019397651,0.0267614092936599,,,,,
SupportVectorMachine,0.5661051556916794,0.6052171403454161,0.6503318019397651,0.027705555649244838,0.1,,,,
MultilayerPerceptron,0.5645737621235324,0.6049620123669025,0.6477794793261868,0.02841461721005119,,,,relu,"(17, 8, 17)"
RandomForest,0.5645737621235324,0.6047065976105672,0.6477794793261868,0.027594475745025705,,,10,,
MultilayerPerceptron,0.5638406537282942,0.6046552904511849,0.6503318019397651,0.028572671070157745,,,,tanh,"(17, 8, 17)"
RandomForest,0.5602655771195098,0.6039403533415613,0.6508422664624809,0.028625691628269757,,,100,,
