estimator,min_score,mean_score,max_score,std_score,C,criterion,n_estimators,activation,hidden_layer_sizes
SupportVectorMachine,0.5205254515599343,0.5340020309394176,0.5566502463054187,0.011250702163032126,0.1,,,,
SupportVectorMachine,0.5205254515599343,0.5340020309394176,0.5566502463054187,0.011250702163032126,100,,,,
DecisionTree,0.5205254515599343,0.5336730835709965,0.5566502463054187,0.01120604659016531,,gini,,,
DecisionTree,0.5205254515599343,0.5336730835709965,0.5566502463054187,0.01120604659016531,,entropy,,,
LogisticRegression,0.5205254515599343,0.533508339815055,0.5566502463054187,0.011429024978330938,1.0,,,,
LinearDiscriminantAnalysis,0.5205254515599343,0.5333441362025755,0.5566502463054187,0.011271206847134771,,,,,
LogisticRegression,0.5205254515599343,0.5333441362025755,0.5566502463054187,0.011271206847134771,10000.0,,,,
RandomForest,0.5205254515599343,0.5333441362025755,0.5566502463054187,0.01098039277378471,,,10,,
RandomForest,0.5205254515599343,0.5333441362025755,0.5566502463054187,0.01098039277378471,,,100,,
BernoulliNaiveBayes,0.5205254515599343,0.5330154589058854,0.5566502463054187,0.011074986877192062,,,,,
MultilayerPerceptron,0.5139573070607554,0.5298947800535823,0.5566502463054187,0.012481794303244045,,,,relu,"(17, 8, 17)"
MultilayerPerceptron,0.5057471264367817,0.5249643505315013,0.5435139573070608,0.012105441393898846,,,,tanh,"(17, 8, 17)"
LogisticRegression,0.5041050903119869,0.5229949874686717,0.5566502463054187,0.016089270958659876,0.0001,,,,
QuadraticDiscriminantAnalysis,0.49917898193760263,0.5141225909601591,0.5402298850574713,0.01278596667856237,,,,,
K-NearestNeighbor,0.458128078817734,0.4881751793276295,0.5115131578947368,0.01582085033016722,,,,,
