estimator,min_score,mean_score,max_score,std_score,C,criterion,n_estimators,activation,hidden_layer_sizes
DecisionTree,0.6504065040650406,0.7063905072249103,0.7732793522267206,0.04015810545709214,,gini,,,
DecisionTree,0.6504065040650406,0.7063905072249103,0.7732793522267206,0.04015810545709214,,entropy,,,
RandomForest,0.6504065040650406,0.7063905072249103,0.7732793522267206,0.04015810545709214,,,10,,
RandomForest,0.6504065040650406,0.7063905072249103,0.7732793522267206,0.04015810545709214,,,100,,
SupportVectorMachine,0.6504065040650406,0.7063905072249103,0.7732793522267206,0.04015810545709214,0.1,,,,
SupportVectorMachine,0.6504065040650406,0.7063905072249103,0.7732793522267206,0.04015810545709214,100,,,,
MultilayerPerceptron,0.6504065040650406,0.7059840031598696,0.7732793522267206,0.039670497918166826,,,,relu,"(17, 8, 17)"
QuadraticDiscriminantAnalysis,0.6504065040650406,0.7055807906257201,0.7732793522267206,0.04083633210127637,,,,,
MultilayerPerceptron,0.6504065040650406,0.7051742865606794,0.7732793522267206,0.040226708415116594,,,,tanh,"(17, 8, 17)"
LinearDiscriminantAnalysis,0.6477732793522267,0.6994996873045652,0.7611336032388664,0.03900984882939259,,,,,
